# otp_version	aws_lc_version	target	asset	sha256	source_ref	plt_asset	plt_sha256
29.0.6	v5.8.0	aarch64-apple-darwin	otp-aarch64-apple-darwin.tar.gz	bdb8039bb8b96d1c655118466c8fa3984d7ff0d404697494d7659df5d255cafc	shiguredo/otp@3242642d6e42c88f1f83eeda801e834d970a97e7	otp-aarch64-apple-darwin.iplt	230d3f3df65a2d6b93ffc89e709f6c0ba6d974d6beb4d57a4248ab824c56a018
29.0.6	v5.8.0	aarch64-unknown-linux-gnu	otp-aarch64-unknown-linux-gnu.tar.gz	675c49a70c1bff25774ee6e7106e7fee659b47ddae8df50292f6e8588f111a21	shiguredo/otp@3242642d6e42c88f1f83eeda801e834d970a97e7	otp-aarch64-unknown-linux-gnu.iplt	c365d1f2a86a1abcde619cdf290ddf9067918ee8776db3ad3a5f331509326596
29.0.6	v5.8.0	x86_64-unknown-linux-gnu	otp-x86_64-unknown-linux-gnu.tar.gz	c0c0a5f03db352e3310aee41bf7245679f70a965e7493f917c7d8002b142bd1c	shiguredo/otp@3242642d6e42c88f1f83eeda801e834d970a97e7	otp-x86_64-unknown-linux-gnu.iplt	73fd92b567f22f0dd7293a0f8ac2c574f8efba6c77c101ac70a1887c09fac8a4
29.1	v5.9.0	aarch64-apple-darwin	otp-aarch64-apple-darwin.tar.gz	3ae647412b656f8cdb9c1cbdf5991b39a497b9304683efadb7aa7d4bb0ecb82c	shiguredo/otp@850c1bf0a3fdc04637e5976433ff13daa6d6a633	otp-aarch64-apple-darwin.iplt	ad3be90c62864723160294e14ec67b21b5b6d273eff4b885baedaca63524665d
29.1	v5.9.0	aarch64-unknown-linux-gnu	otp-aarch64-unknown-linux-gnu.tar.gz	2649fe52cc9c78f734772d621525266d5b4dd3844bbe1e444dce37f62f0d0d9d	shiguredo/otp@850c1bf0a3fdc04637e5976433ff13daa6d6a633	otp-aarch64-unknown-linux-gnu.iplt	84eccf29bddc9ce310260936e1712efd3a41d849cdb3c03d76d30ca954e803b9
29.1	v5.9.0	x86_64-unknown-linux-gnu	otp-x86_64-unknown-linux-gnu.tar.gz	281eba332f25a797deb127fce1e7bc34dd7655e366fe8306192cc819cb5dde9c	shiguredo/otp@850c1bf0a3fdc04637e5976433ff13daa6d6a633	otp-x86_64-unknown-linux-gnu.iplt	9e1639f55af63fb98475ce73d94fb37a40fcd1abd286d9edd2260d3d57648aac
29.1.1	v5.9.0	aarch64-apple-darwin	otp-aarch64-apple-darwin.tar.gz	4eaeb3a50ce1e7b94b087a2f9ded6c690b95110e4d8e842e31e7aff685632513	shiguredo/otp@3469e46323bf8de37a7ec363b3e0ef98cc1f609a	otp-aarch64-apple-darwin.iplt	dfd39e526ae756002a501a9730cd47ef5b1bd262d8c8b22bf11c6508b030c525
29.1.1	v5.9.0	aarch64-unknown-linux-gnu	otp-aarch64-unknown-linux-gnu.tar.gz	71feda547d1363973565b4903982485a7c368e7a433f4d9183444e8284f81b3f	shiguredo/otp@3469e46323bf8de37a7ec363b3e0ef98cc1f609a	otp-aarch64-unknown-linux-gnu.iplt	a6d2c186344f6905ee1c33e72252a7353f7e6b3dd86e39579767906d9d215ebb
29.1.1	v5.9.0	x86_64-unknown-linux-gnu	otp-x86_64-unknown-linux-gnu.tar.gz	5a5c4997882f09a0e9c8ece8b506e8a765f9b2bf390d2f16f75c19569351e28e	shiguredo/otp@3469e46323bf8de37a7ec363b3e0ef98cc1f609a	otp-x86_64-unknown-linux-gnu.iplt	8867f5385c89f6c75962190b6a1c689cca621f33c6030d7762af79c2fc729d65
29.1.1	v5.10.0	aarch64-apple-darwin	otp-aarch64-apple-darwin.tar.gz	eeee92554f545b139bf545f5c692cbe71f71f29ef2770f75f4098e1115847c59	shiguredo/otp@3469e46323bf8de37a7ec363b3e0ef98cc1f609a	otp-aarch64-apple-darwin.iplt	8a16139996f936c645a59f8f484a62e0a6347de68823d4b282fd2700112341f3
29.1.1	v5.10.0	aarch64-unknown-linux-gnu	otp-aarch64-unknown-linux-gnu.tar.gz	50a768654f5e89ec029a255ffbacc2adcde30550a756890ee78851cd60d30b2a	shiguredo/otp@3469e46323bf8de37a7ec363b3e0ef98cc1f609a	otp-aarch64-unknown-linux-gnu.iplt	db2f5cb9632b17fd2a9782e7c40acdc241194c4b1aa9473047bfbb11b629992f
29.1.1	v5.10.0	x86_64-unknown-linux-gnu	otp-x86_64-unknown-linux-gnu.tar.gz	44ece1ac643ea68d2070905f23972efb44a37b7efb1fdf1432491ae32139974b	shiguredo/otp@3469e46323bf8de37a7ec363b3e0ef98cc1f609a	otp-x86_64-unknown-linux-gnu.iplt	acd86c6a1de72b04b3924f9e04f6fd139ce0a2887abf70008e3b9f11a5ab8d3b
